{"cameraMode":{"drawMode":0,"name":"Shaded","section":"Shading Mode"},"sceneLighting":true,"audioPlay":false,"sceneViewState":{"showFog":true,"showMaterialUpdate":false,"showSkybox":true,"showFlares":true,"showImageEffects":true,"showParticleSystems":true},"in2DMode":false,"pivot":{"x":3.884934425354004,"y":5.978305816650391,"z":0.4291539192199707},"rotation":{"x":0.5582796931266785,"y":-0.12358999252319336,"z":0.08456467092037201,"w":0.8160387277603149},"size":10.944319725036621,"orthographic":false}