{"cameraMode":{"drawMode":0,"name":"Shaded","section":"Shading Mode"},"sceneLighting":false,"audioPlay":false,"sceneViewState":{"showFog":true,"showMaterialUpdate":false,"showSkybox":false,"showFlares":true,"showImageEffects":true,"showParticleSystems":true},"in2DMode":false,"pivot":{"x":3.725290298461914e-9,"y":0.0,"z":-3.725290298461914e-9},"rotation":{"x":0.03539956733584404,"y":-0.5803387761116028,"z":0.025257140398025514,"w":0.8132209777832031},"size":3.3020620346069338,"orthographic":false}