{"cameraMode":{"drawMode":0,"name":"Shaded","section":"Shading Mode"},"sceneLighting":true,"audioPlay":false,"sceneViewState":{"showFog":true,"showMaterialUpdate":false,"showSkybox":true,"showFlares":true,"showImageEffects":true,"showParticleSystems":true},"in2DMode":false,"pivot":{"x":-0.6267309188842773,"y":1.6233595609664918,"z":-4.311434745788574},"rotation":{"x":-0.0670321136713028,"y":0.8876016736030579,"z":-0.13687103986740113,"w":-0.43467459082603457},"size":2.8578836917877199,"orthographic":false}